{
  "project_info": {
    "project_number": "20773571781",
    "firebase_url": "https://agri-aiuto.firebaseio.com",
    "project_id": "agri-aiuto",
    "storage_bucket": "agri-aiuto.appspot.com"
  },
  "client": [
    {
      "client_info": {
        "mobilesdk_app_id": "1:20773571781:android:28b3bc6d0091273a",
        "android_client_info": {
          "package_name": "com.example.agriaiuto"
        }
      },
      "oauth_client": [
        {
          "client_id": "20773571781-b0ihli4906aftbvacpalqs380a9l2h8c.apps.googleusercontent.com",
          "client_type": 1,
          "android_info": {
            "package_name": "com.example.agriaiuto",
            "certificate_hash": "62ffc2501fed2516144e3a4aca1e2d7d9206bea9"
          }
        },
        {
          "client_id": "20773571781-qbooslai118uhbtiups85ddjt9acm2pp.apps.googleusercontent.com",
          "client_type": 3
        }
      ],
      "api_key": [
        {
          "current_key": "AIzaSyDzBXXcuep8zXSKTnoiep7cowdsP-tAOTE"
        }
      ],
      "services": {
        "analytics_service": {
          "status": 1
        },
        "appinvite_service": {
          "status": 2,
          "other_platform_oauth_client": [
            {
              "client_id": "20773571781-qbooslai118uhbtiups85ddjt9acm2pp.apps.googleusercontent.com",
              "client_type": 3
            }
          ]
        },
        "ads_service": {
          "status": 2
        }
      }
    }
  ],
  "configuration_version": "1"
}